Start (s),End (s),Scientific name,Common name,Confidence,File
0.0,3.0,Bubulcus ibis,Cattle Egret,0.2854,C:\Users\User\Downloads\Telegram Desktop\15 Aug 2026.wav
15.0,18.0,Threskiornis melanocephalus,Black-headed Ibis,0.3946,C:\Users\User\Downloads\Telegram Desktop\15 Aug 2026.wav
33.0,36.0,Aplonis panayensis,Asian Glossy Starling,0.6433,C:\Users\User\Downloads\Telegram Desktop\15 Aug 2026.wav
39.0,42.0,Bubulcus ibis,Cattle Egret,0.6790,C:\Users\User\Downloads\Telegram Desktop\15 Aug 2026.wav
54.0,57.0,Aplonis panayensis,Asian Glossy Starling,0.2504,C:\Users\User\Downloads\Telegram Desktop\15 Aug 2026.wav
75.0,78.0,Ardea purpurea,Purple Heron,0.4384,C:\Users\User\Downloads\Telegram Desktop\15 Aug 2026.wav
75.0,78.0,Bubulcus ibis,Cattle Egret,0.2542,C:\Users\User\Downloads\Telegram Desktop\15 Aug 2026.wav
78.0,81.0,Bubulcus ibis,Cattle Egret,0.3252,C:\Users\User\Downloads\Telegram Desktop\15 Aug 2026.wav
81.0,84.0,Anastomus oscitans,Asian Openbill,0.2526,C:\Users\User\Downloads\Telegram Desktop\15 Aug 2026.wav
84.0,87.0,Mycteria leucocephala,Painted Stork,0.3056,C:\Users\User\Downloads\Telegram Desktop\15 Aug 2026.wav
87.0,90.0,Aplonis panayensis,Asian Glossy Starling,0.2847,C:\Users\User\Downloads\Telegram Desktop\15 Aug 2026.wav
93.0,96.0,Ardea purpurea,Purple Heron,0.6275,C:\Users\User\Downloads\Telegram Desktop\15 Aug 2026.wav
111.0,114.0,Pernis ptilorhynchus,Oriental Honey-buzzard,0.2892,C:\Users\User\Downloads\Telegram Desktop\15 Aug 2026.wav
120.0,123.0,Bubulcus ibis,Cattle Egret,0.3182,C:\Users\User\Downloads\Telegram Desktop\15 Aug 2026.wav
123.0,126.0,Aplonis panayensis,Asian Glossy Starling,0.2999,C:\Users\User\Downloads\Telegram Desktop\15 Aug 2026.wav
159.0,162.0,Bubulcus ibis,Cattle Egret,0.6257,C:\Users\User\Downloads\Telegram Desktop\15 Aug 2026.wav
165.0,168.0,Bubulcus ibis,Cattle Egret,0.5770,C:\Users\User\Downloads\Telegram Desktop\15 Aug 2026.wav
165.0,168.0,Ardea alba,Great Egret,0.2874,C:\Users\User\Downloads\Telegram Desktop\15 Aug 2026.wav
207.0,210.0,Bubulcus ibis,Cattle Egret,0.2547,C:\Users\User\Downloads\Telegram Desktop\15 Aug 2026.wav
216.0,219.0,Ardea purpurea,Purple Heron,0.3119,C:\Users\User\Downloads\Telegram Desktop\15 Aug 2026.wav
216.0,219.0,Bubulcus ibis,Cattle Egret,0.2841,C:\Users\User\Downloads\Telegram Desktop\15 Aug 2026.wav
219.0,222.0,Ardea purpurea,Purple Heron,0.2671,C:\Users\User\Downloads\Telegram Desktop\15 Aug 2026.wav
222.0,225.0,Bubulcus ibis,Cattle Egret,0.2902,C:\Users\User\Downloads\Telegram Desktop\15 Aug 2026.wav
228.0,231.0,Bubulcus ibis,Cattle Egret,0.3422,C:\Users\User\Downloads\Telegram Desktop\15 Aug 2026.wav
243.0,246.0,Ardea purpurea,Purple Heron,0.3253,C:\Users\User\Downloads\Telegram Desktop\15 Aug 2026.wav
249.0,252.0,Nycticorax nycticorax,Black-crowned Night-Heron,0.3323,C:\Users\User\Downloads\Telegram Desktop\15 Aug 2026.wav
270.0,273.0,Bubulcus ibis,Cattle Egret,0.3139,C:\Users\User\Downloads\Telegram Desktop\15 Aug 2026.wav
279.0,282.0,Threskiornis melanocephalus,Black-headed Ibis,0.3862,C:\Users\User\Downloads\Telegram Desktop\15 Aug 2026.wav
279.0,282.0,Bubulcus ibis,Cattle Egret,0.3755,C:\Users\User\Downloads\Telegram Desktop\15 Aug 2026.wav
285.0,288.0,Bubulcus ibis,Cattle Egret,0.7705,C:\Users\User\Downloads\Telegram Desktop\15 Aug 2026.wav
291.0,294.0,Bubulcus ibis,Cattle Egret,0.6017,C:\Users\User\Downloads\Telegram Desktop\15 Aug 2026.wav
297.0,300.0,Bubulcus ibis,Cattle Egret,0.6095,C:\Users\User\Downloads\Telegram Desktop\15 Aug 2026.wav
300.0,303.0,Bubulcus ibis,Cattle Egret,0.4497,C:\Users\User\Downloads\Telegram Desktop\15 Aug 2026.wav
303.0,306.0,Bubulcus ibis,Cattle Egret,0.7082,C:\Users\User\Downloads\Telegram Desktop\15 Aug 2026.wav
321.0,324.0,Bubulcus ibis,Cattle Egret,0.4861,C:\Users\User\Downloads\Telegram Desktop\15 Aug 2026.wav
324.0,327.0,Bubulcus ibis,Cattle Egret,0.3947,C:\Users\User\Downloads\Telegram Desktop\15 Aug 2026.wav
324.0,327.0,Threskiornis melanocephalus,Black-headed Ibis,0.2524,C:\Users\User\Downloads\Telegram Desktop\15 Aug 2026.wav
327.0,330.0,Bubulcus ibis,Cattle Egret,0.3732,C:\Users\User\Downloads\Telegram Desktop\15 Aug 2026.wav
330.0,333.0,Bubulcus ibis,Cattle Egret,0.9034,C:\Users\User\Downloads\Telegram Desktop\15 Aug 2026.wav
339.0,342.0,Bubulcus ibis,Cattle Egret,0.3122,C:\Users\User\Downloads\Telegram Desktop\15 Aug 2026.wav
348.0,351.0,Mycteria leucocephala,Painted Stork,0.4848,C:\Users\User\Downloads\Telegram Desktop\15 Aug 2026.wav
351.0,354.0,Mycteria leucocephala,Painted Stork,0.6204,C:\Users\User\Downloads\Telegram Desktop\15 Aug 2026.wav
360.0,363.0,Threskiornis melanocephalus,Black-headed Ibis,0.5718,C:\Users\User\Downloads\Telegram Desktop\15 Aug 2026.wav
363.0,366.0,Bubulcus ibis,Cattle Egret,0.8702,C:\Users\User\Downloads\Telegram Desktop\15 Aug 2026.wav
384.0,387.0,Threskiornis melanocephalus,Black-headed Ibis,0.6474,C:\Users\User\Downloads\Telegram Desktop\15 Aug 2026.wav
384.0,387.0,Nycticorax nycticorax,Black-crowned Night-Heron,0.3217,C:\Users\User\Downloads\Telegram Desktop\15 Aug 2026.wav
387.0,390.0,Bubulcus ibis,Cattle Egret,0.7444,C:\Users\User\Downloads\Telegram Desktop\15 Aug 2026.wav
390.0,393.0,Bubulcus ibis,Cattle Egret,0.6037,C:\Users\User\Downloads\Telegram Desktop\15 Aug 2026.wav
390.0,393.0,Ardea intermedia,Intermediate Egret,0.5708,C:\Users\User\Downloads\Telegram Desktop\15 Aug 2026.wav
435.0,438.0,Bubulcus ibis,Cattle Egret,0.3088,C:\Users\User\Downloads\Telegram Desktop\15 Aug 2026.wav
441.0,444.0,Bubulcus ibis,Cattle Egret,0.7727,C:\Users\User\Downloads\Telegram Desktop\15 Aug 2026.wav
444.0,447.0,Ardea purpurea,Purple Heron,0.4634,C:\Users\User\Downloads\Telegram Desktop\15 Aug 2026.wav
453.0,456.0,Pelargopsis capensis,Stork-billed Kingfisher,0.6313,C:\Users\User\Downloads\Telegram Desktop\15 Aug 2026.wav
456.0,459.0,Pelargopsis capensis,Stork-billed Kingfisher,0.6515,C:\Users\User\Downloads\Telegram Desktop\15 Aug 2026.wav
462.0,465.0,Bubulcus ibis,Cattle Egret,0.4361,C:\Users\User\Downloads\Telegram Desktop\15 Aug 2026.wav
462.0,465.0,Threskiornis melanocephalus,Black-headed Ibis,0.3869,C:\Users\User\Downloads\Telegram Desktop\15 Aug 2026.wav
465.0,468.0,Bubulcus ibis,Cattle Egret,0.3634,C:\Users\User\Downloads\Telegram Desktop\15 Aug 2026.wav
465.0,468.0,Pelargopsis capensis,Stork-billed Kingfisher,0.3562,C:\Users\User\Downloads\Telegram Desktop\15 Aug 2026.wav
468.0,471.0,Bubulcus ibis,Cattle Egret,0.5834,C:\Users\User\Downloads\Telegram Desktop\15 Aug 2026.wav
468.0,471.0,Threskiornis melanocephalus,Black-headed Ibis,0.2590,C:\Users\User\Downloads\Telegram Desktop\15 Aug 2026.wav
480.0,483.0,Bubulcus ibis,Cattle Egret,0.3467,C:\Users\User\Downloads\Telegram Desktop\15 Aug 2026.wav
483.0,486.0,Bubulcus ibis,Cattle Egret,0.2871,C:\Users\User\Downloads\Telegram Desktop\15 Aug 2026.wav
486.0,489.0,Bubulcus ibis,Cattle Egret,0.3851,C:\Users\User\Downloads\Telegram Desktop\15 Aug 2026.wav
492.0,495.0,Bubulcus ibis,Cattle Egret,0.3177,C:\Users\User\Downloads\Telegram Desktop\15 Aug 2026.wav
498.0,501.0,Bubulcus ibis,Cattle Egret,0.3794,C:\Users\User\Downloads\Telegram Desktop\15 Aug 2026.wav
537.0,540.0,Threskiornis melanocephalus,Black-headed Ibis,0.3369,C:\Users\User\Downloads\Telegram Desktop\15 Aug 2026.wav
540.0,543.0,Threskiornis melanocephalus,Black-headed Ibis,0.4130,C:\Users\User\Downloads\Telegram Desktop\15 Aug 2026.wav
543.0,546.0,Bubulcus ibis,Cattle Egret,0.7290,C:\Users\User\Downloads\Telegram Desktop\15 Aug 2026.wav
546.0,549.0,Bubulcus ibis,Cattle Egret,0.5584,C:\Users\User\Downloads\Telegram Desktop\15 Aug 2026.wav
546.0,549.0,Threskiornis melanocephalus,Black-headed Ibis,0.3093,C:\Users\User\Downloads\Telegram Desktop\15 Aug 2026.wav
546.0,549.0,Ardea purpurea,Purple Heron,0.2951,C:\Users\User\Downloads\Telegram Desktop\15 Aug 2026.wav
558.0,561.0,Bubulcus ibis,Cattle Egret,0.8060,C:\Users\User\Downloads\Telegram Desktop\15 Aug 2026.wav
561.0,564.0,Bubulcus ibis,Cattle Egret,0.6564,C:\Users\User\Downloads\Telegram Desktop\15 Aug 2026.wav
573.0,576.0,Threskiornis melanocephalus,Black-headed Ibis,0.4083,C:\Users\User\Downloads\Telegram Desktop\15 Aug 2026.wav
576.0,579.0,Bubulcus ibis,Cattle Egret,0.2885,C:\Users\User\Downloads\Telegram Desktop\15 Aug 2026.wav
588.0,591.0,Ardea purpurea,Purple Heron,0.4585,C:\Users\User\Downloads\Telegram Desktop\15 Aug 2026.wav
612.0,615.0,Bubulcus ibis,Cattle Egret,0.2810,C:\Users\User\Downloads\Telegram Desktop\15 Aug 2026.wav
648.0,651.0,Mycteria leucocephala,Painted Stork,0.4990,C:\Users\User\Downloads\Telegram Desktop\15 Aug 2026.wav
657.0,660.0,Ardea purpurea,Purple Heron,0.2782,C:\Users\User\Downloads\Telegram Desktop\15 Aug 2026.wav
672.0,675.0,Mycteria leucocephala,Painted Stork,0.6264,C:\Users\User\Downloads\Telegram Desktop\15 Aug 2026.wav
723.0,726.0,Cyornis rubeculoides,Blue-throated Flycatcher,0.2556,C:\Users\User\Downloads\Telegram Desktop\15 Aug 2026.wav
771.0,774.0,Pelargopsis capensis,Stork-billed Kingfisher,0.3788,C:\Users\User\Downloads\Telegram Desktop\15 Aug 2026.wav
783.0,786.0,Bubulcus ibis,Cattle Egret,0.3016,C:\Users\User\Downloads\Telegram Desktop\15 Aug 2026.wav
840.0,843.0,Threskiornis melanocephalus,Black-headed Ibis,0.7251,C:\Users\User\Downloads\Telegram Desktop\15 Aug 2026.wav
849.0,852.0,Mycteria leucocephala,Painted Stork,0.5741,C:\Users\User\Downloads\Telegram Desktop\15 Aug 2026.wav
852.0,855.0,Mycteria leucocephala,Painted Stork,0.2528,C:\Users\User\Downloads\Telegram Desktop\15 Aug 2026.wav
858.0,861.0,Threskiornis melanocephalus,Black-headed Ibis,0.4931,C:\Users\User\Downloads\Telegram Desktop\15 Aug 2026.wav
858.0,861.0,Bubulcus ibis,Cattle Egret,0.3557,C:\Users\User\Downloads\Telegram Desktop\15 Aug 2026.wav
867.0,870.0,Bubulcus ibis,Cattle Egret,0.2848,C:\Users\User\Downloads\Telegram Desktop\15 Aug 2026.wav
870.0,873.0,Bubulcus ibis,Cattle Egret,0.3922,C:\Users\User\Downloads\Telegram Desktop\15 Aug 2026.wav
876.0,879.0,Threskiornis melanocephalus,Black-headed Ibis,0.6010,C:\Users\User\Downloads\Telegram Desktop\15 Aug 2026.wav
879.0,882.0,Pelargopsis capensis,Stork-billed Kingfisher,0.6629,C:\Users\User\Downloads\Telegram Desktop\15 Aug 2026.wav
885.0,888.0,Nycticorax nycticorax,Black-crowned Night-Heron,0.2828,C:\Users\User\Downloads\Telegram Desktop\15 Aug 2026.wav
897.0,900.0,Pelargopsis capensis,Stork-billed Kingfisher,0.3372,C:\Users\User\Downloads\Telegram Desktop\15 Aug 2026.wav
906.0,909.0,Threskiornis melanocephalus,Black-headed Ibis,0.4338,C:\Users\User\Downloads\Telegram Desktop\15 Aug 2026.wav
906.0,909.0,Bubulcus ibis,Cattle Egret,0.4086,C:\Users\User\Downloads\Telegram Desktop\15 Aug 2026.wav
909.0,912.0,Pelargopsis capensis,Stork-billed Kingfisher,0.4225,C:\Users\User\Downloads\Telegram Desktop\15 Aug 2026.wav
918.0,921.0,Pelargopsis capensis,Stork-billed Kingfisher,0.8118,C:\Users\User\Downloads\Telegram Desktop\15 Aug 2026.wav
930.0,933.0,Dicrurus macrocercus,Black Drongo,0.2847,C:\Users\User\Downloads\Telegram Desktop\15 Aug 2026.wav
942.0,945.0,Threskiornis melanocephalus,Black-headed Ibis,0.6337,C:\Users\User\Downloads\Telegram Desktop\15 Aug 2026.wav
993.0,996.0,Bubulcus ibis,Cattle Egret,0.5114,C:\Users\User\Downloads\Telegram Desktop\15 Aug 2026.wav
1023.0,1026.0,Pernis ptilorhynchus,Oriental Honey-buzzard,0.3415,C:\Users\User\Downloads\Telegram Desktop\15 Aug 2026.wav
1101.0,1104.0,Bubulcus ibis,Cattle Egret,0.6800,C:\Users\User\Downloads\Telegram Desktop\15 Aug 2026.wav
1101.0,1104.0,Ardea purpurea,Purple Heron,0.3179,C:\Users\User\Downloads\Telegram Desktop\15 Aug 2026.wav
1107.0,1110.0,Threskiornis melanocephalus,Black-headed Ibis,0.3722,C:\Users\User\Downloads\Telegram Desktop\15 Aug 2026.wav
1116.0,1119.0,Nycticorax nycticorax,Black-crowned Night-Heron,0.6887,C:\Users\User\Downloads\Telegram Desktop\15 Aug 2026.wav
1125.0,1128.0,Pelargopsis capensis,Stork-billed Kingfisher,0.4539,C:\Users\User\Downloads\Telegram Desktop\15 Aug 2026.wav
1134.0,1137.0,Copsychus saularis,Oriental Magpie-Robin,0.3259,C:\Users\User\Downloads\Telegram Desktop\15 Aug 2026.wav
1152.0,1155.0,Bubulcus ibis,Cattle Egret,0.3222,C:\Users\User\Downloads\Telegram Desktop\15 Aug 2026.wav
1158.0,1161.0,Nycticorax nycticorax,Black-crowned Night-Heron,0.6125,C:\Users\User\Downloads\Telegram Desktop\15 Aug 2026.wav
1179.0,1182.0,Bubulcus ibis,Cattle Egret,0.4161,C:\Users\User\Downloads\Telegram Desktop\15 Aug 2026.wav
1197.0,1200.0,Threskiornis melanocephalus,Black-headed Ibis,0.2954,C:\Users\User\Downloads\Telegram Desktop\15 Aug 2026.wav
1203.0,1206.0,Bubulcus ibis,Cattle Egret,0.3614,C:\Users\User\Downloads\Telegram Desktop\15 Aug 2026.wav
1206.0,1209.0,Bubulcus ibis,Cattle Egret,0.2742,C:\Users\User\Downloads\Telegram Desktop\15 Aug 2026.wav
1215.0,1218.0,Pelargopsis capensis,Stork-billed Kingfisher,0.3165,C:\Users\User\Downloads\Telegram Desktop\15 Aug 2026.wav
1251.0,1254.0,Threskiornis melanocephalus,Black-headed Ibis,0.5934,C:\Users\User\Downloads\Telegram Desktop\15 Aug 2026.wav
1272.0,1275.0,Ardea purpurea,Purple Heron,0.8718,C:\Users\User\Downloads\Telegram Desktop\15 Aug 2026.wav
1275.0,1278.0,Pernis ptilorhynchus,Oriental Honey-buzzard,0.3026,C:\Users\User\Downloads\Telegram Desktop\15 Aug 2026.wav
1320.0,1323.0,Nycticorax nycticorax,Black-crowned Night-Heron,0.6268,C:\Users\User\Downloads\Telegram Desktop\15 Aug 2026.wav
1320.0,1323.0,Threskiornis melanocephalus,Black-headed Ibis,0.2553,C:\Users\User\Downloads\Telegram Desktop\15 Aug 2026.wav
1329.0,1332.0,Bubulcus ibis,Cattle Egret,0.3765,C:\Users\User\Downloads\Telegram Desktop\15 Aug 2026.wav
1332.0,1335.0,Threskiornis melanocephalus,Black-headed Ibis,0.5380,C:\Users\User\Downloads\Telegram Desktop\15 Aug 2026.wav
1332.0,1335.0,Nycticorax nycticorax,Black-crowned Night-Heron,0.3015,C:\Users\User\Downloads\Telegram Desktop\15 Aug 2026.wav
1338.0,1341.0,Threskiornis melanocephalus,Black-headed Ibis,0.3967,C:\Users\User\Downloads\Telegram Desktop\15 Aug 2026.wav
1344.0,1347.0,Threskiornis melanocephalus,Black-headed Ibis,0.3094,C:\Users\User\Downloads\Telegram Desktop\15 Aug 2026.wav
1353.0,1356.0,Pernis ptilorhynchus,Oriental Honey-buzzard,0.2635,C:\Users\User\Downloads\Telegram Desktop\15 Aug 2026.wav
1377.0,1380.0,Threskiornis melanocephalus,Black-headed Ibis,0.4940,C:\Users\User\Downloads\Telegram Desktop\15 Aug 2026.wav
1377.0,1380.0,Bubulcus ibis,Cattle Egret,0.3546,C:\Users\User\Downloads\Telegram Desktop\15 Aug 2026.wav
1416.0,1419.0,Bubulcus ibis,Cattle Egret,0.6569,C:\Users\User\Downloads\Telegram Desktop\15 Aug 2026.wav
1416.0,1419.0,Threskiornis melanocephalus,Black-headed Ibis,0.3494,C:\Users\User\Downloads\Telegram Desktop\15 Aug 2026.wav
1419.0,1422.0,Bubulcus ibis,Cattle Egret,0.3007,C:\Users\User\Downloads\Telegram Desktop\15 Aug 2026.wav
1419.0,1422.0,Threskiornis melanocephalus,Black-headed Ibis,0.2830,C:\Users\User\Downloads\Telegram Desktop\15 Aug 2026.wav
1425.0,1428.0,Bubulcus ibis,Cattle Egret,0.2767,C:\Users\User\Downloads\Telegram Desktop\15 Aug 2026.wav
1428.0,1431.0,Threskiornis melanocephalus,Black-headed Ibis,0.3337,C:\Users\User\Downloads\Telegram Desktop\15 Aug 2026.wav
1431.0,1434.0,Threskiornis melanocephalus,Black-headed Ibis,0.6290,C:\Users\User\Downloads\Telegram Desktop\15 Aug 2026.wav
1431.0,1434.0,Bubulcus ibis,Cattle Egret,0.2831,C:\Users\User\Downloads\Telegram Desktop\15 Aug 2026.wav
1443.0,1446.0,Bubulcus ibis,Cattle Egret,0.3671,C:\Users\User\Downloads\Telegram Desktop\15 Aug 2026.wav
1446.0,1449.0,Bubulcus ibis,Cattle Egret,0.4106,C:\Users\User\Downloads\Telegram Desktop\15 Aug 2026.wav
1449.0,1452.0,Nycticorax nycticorax,Black-crowned Night-Heron,0.3067,C:\Users\User\Downloads\Telegram Desktop\15 Aug 2026.wav
1455.0,1458.0,Threskiornis melanocephalus,Black-headed Ibis,0.4653,C:\Users\User\Downloads\Telegram Desktop\15 Aug 2026.wav
1461.0,1464.0,Threskiornis melanocephalus,Black-headed Ibis,0.3917,C:\Users\User\Downloads\Telegram Desktop\15 Aug 2026.wav
1467.0,1470.0,Bubulcus ibis,Cattle Egret,0.3102,C:\Users\User\Downloads\Telegram Desktop\15 Aug 2026.wav
1476.0,1479.0,Bubulcus ibis,Cattle Egret,0.3492,C:\Users\User\Downloads\Telegram Desktop\15 Aug 2026.wav
1476.0,1479.0,Ardea purpurea,Purple Heron,0.3491,C:\Users\User\Downloads\Telegram Desktop\15 Aug 2026.wav
1479.0,1482.0,Threskiornis melanocephalus,Black-headed Ibis,0.4836,C:\Users\User\Downloads\Telegram Desktop\15 Aug 2026.wav
1488.0,1491.0,Bubulcus ibis,Cattle Egret,0.2628,C:\Users\User\Downloads\Telegram Desktop\15 Aug 2026.wav
1518.0,1521.0,Bubulcus ibis,Cattle Egret,0.7148,C:\Users\User\Downloads\Telegram Desktop\15 Aug 2026.wav
1524.0,1527.0,Threskiornis melanocephalus,Black-headed Ibis,0.5850,C:\Users\User\Downloads\Telegram Desktop\15 Aug 2026.wav
1530.0,1533.0,Corvus splendens,House Crow,0.4377,C:\Users\User\Downloads\Telegram Desktop\15 Aug 2026.wav
1533.0,1536.0,Threskiornis melanocephalus,Black-headed Ibis,0.7788,C:\Users\User\Downloads\Telegram Desktop\15 Aug 2026.wav
1533.0,1536.0,Bubulcus ibis,Cattle Egret,0.3014,C:\Users\User\Downloads\Telegram Desktop\15 Aug 2026.wav
1536.0,1539.0,Corvus splendens,House Crow,0.5707,C:\Users\User\Downloads\Telegram Desktop\15 Aug 2026.wav
1539.0,1542.0,Threskiornis melanocephalus,Black-headed Ibis,0.2906,C:\Users\User\Downloads\Telegram Desktop\15 Aug 2026.wav
1542.0,1545.0,Threskiornis melanocephalus,Black-headed Ibis,0.4922,C:\Users\User\Downloads\Telegram Desktop\15 Aug 2026.wav
1545.0,1548.0,Threskiornis melanocephalus,Black-headed Ibis,0.2695,C:\Users\User\Downloads\Telegram Desktop\15 Aug 2026.wav
1548.0,1551.0,Bubulcus ibis,Cattle Egret,0.3281,C:\Users\User\Downloads\Telegram Desktop\15 Aug 2026.wav
1548.0,1551.0,Nycticorax nycticorax,Black-crowned Night-Heron,0.2545,C:\Users\User\Downloads\Telegram Desktop\15 Aug 2026.wav
1551.0,1554.0,Corvus splendens,House Crow,0.4634,C:\Users\User\Downloads\Telegram Desktop\15 Aug 2026.wav
1551.0,1554.0,Bubulcus ibis,Cattle Egret,0.2796,C:\Users\User\Downloads\Telegram Desktop\15 Aug 2026.wav
1554.0,1557.0,Threskiornis melanocephalus,Black-headed Ibis,0.3885,C:\Users\User\Downloads\Telegram Desktop\15 Aug 2026.wav
1557.0,1560.0,Corvus splendens,House Crow,0.3763,C:\Users\User\Downloads\Telegram Desktop\15 Aug 2026.wav
1557.0,1560.0,Bubulcus ibis,Cattle Egret,0.2701,C:\Users\User\Downloads\Telegram Desktop\15 Aug 2026.wav
1560.0,1563.0,Bubulcus ibis,Cattle Egret,0.4168,C:\Users\User\Downloads\Telegram Desktop\15 Aug 2026.wav
1560.0,1563.0,Ardea purpurea,Purple Heron,0.2957,C:\Users\User\Downloads\Telegram Desktop\15 Aug 2026.wav
1563.0,1566.0,Corvus splendens,House Crow,0.4575,C:\Users\User\Downloads\Telegram Desktop\15 Aug 2026.wav
1566.0,1569.0,Corvus splendens,House Crow,0.6718,C:\Users\User\Downloads\Telegram Desktop\15 Aug 2026.wav
1572.0,1575.0,Bubulcus ibis,Cattle Egret,0.6733,C:\Users\User\Downloads\Telegram Desktop\15 Aug 2026.wav
1572.0,1575.0,Threskiornis melanocephalus,Black-headed Ibis,0.2999,C:\Users\User\Downloads\Telegram Desktop\15 Aug 2026.wav
1575.0,1578.0,Bubulcus ibis,Cattle Egret,0.5359,C:\Users\User\Downloads\Telegram Desktop\15 Aug 2026.wav
1575.0,1578.0,Ardea purpurea,Purple Heron,0.4022,C:\Users\User\Downloads\Telegram Desktop\15 Aug 2026.wav
1578.0,1581.0,Threskiornis melanocephalus,Black-headed Ibis,0.5629,C:\Users\User\Downloads\Telegram Desktop\15 Aug 2026.wav
1578.0,1581.0,Bubulcus ibis,Cattle Egret,0.3777,C:\Users\User\Downloads\Telegram Desktop\15 Aug 2026.wav
1584.0,1587.0,Ardea purpurea,Purple Heron,0.7577,C:\Users\User\Downloads\Telegram Desktop\15 Aug 2026.wav
1584.0,1587.0,Ardea cinerea,Gray Heron,0.3141,C:\Users\User\Downloads\Telegram Desktop\15 Aug 2026.wav
1590.0,1593.0,Bubulcus ibis,Cattle Egret,0.3086,C:\Users\User\Downloads\Telegram Desktop\15 Aug 2026.wav
1596.0,1599.0,Dicrurus macrocercus,Black Drongo,0.2793,C:\Users\User\Downloads\Telegram Desktop\15 Aug 2026.wav
1611.0,1614.0,Threskiornis melanocephalus,Black-headed Ibis,0.2896,C:\Users\User\Downloads\Telegram Desktop\15 Aug 2026.wav
1620.0,1623.0,Bubulcus ibis,Cattle Egret,0.4852,C:\Users\User\Downloads\Telegram Desktop\15 Aug 2026.wav
1623.0,1626.0,Threskiornis melanocephalus,Black-headed Ibis,0.5942,C:\Users\User\Downloads\Telegram Desktop\15 Aug 2026.wav
1650.0,1653.0,Threskiornis melanocephalus,Black-headed Ibis,0.2784,C:\Users\User\Downloads\Telegram Desktop\15 Aug 2026.wav
1659.0,1662.0,Threskiornis melanocephalus,Black-headed Ibis,0.4715,C:\Users\User\Downloads\Telegram Desktop\15 Aug 2026.wav
1662.0,1665.0,Corvus splendens,House Crow,0.4804,C:\Users\User\Downloads\Telegram Desktop\15 Aug 2026.wav
1665.0,1668.0,Bubulcus ibis,Cattle Egret,0.5152,C:\Users\User\Downloads\Telegram Desktop\15 Aug 2026.wav
1668.0,1671.0,Threskiornis melanocephalus,Black-headed Ibis,0.6002,C:\Users\User\Downloads\Telegram Desktop\15 Aug 2026.wav
1668.0,1671.0,Bubulcus ibis,Cattle Egret,0.2649,C:\Users\User\Downloads\Telegram Desktop\15 Aug 2026.wav
1674.0,1677.0,Corvus splendens,House Crow,0.3071,C:\Users\User\Downloads\Telegram Desktop\15 Aug 2026.wav
1683.0,1686.0,Corvus splendens,House Crow,0.3122,C:\Users\User\Downloads\Telegram Desktop\15 Aug 2026.wav
1686.0,1689.0,Threskiornis melanocephalus,Black-headed Ibis,0.5222,C:\Users\User\Downloads\Telegram Desktop\15 Aug 2026.wav
1689.0,1692.0,Threskiornis melanocephalus,Black-headed Ibis,0.3124,C:\Users\User\Downloads\Telegram Desktop\15 Aug 2026.wav
1692.0,1695.0,Ardea purpurea,Purple Heron,0.6109,C:\Users\User\Downloads\Telegram Desktop\15 Aug 2026.wav
1704.0,1707.0,Ninox scutulata,Brown Boobook,0.5267,C:\Users\User\Downloads\Telegram Desktop\15 Aug 2026.wav
1713.0,1716.0,Bubulcus ibis,Cattle Egret,0.3804,C:\Users\User\Downloads\Telegram Desktop\15 Aug 2026.wav
1716.0,1719.0,Threskiornis melanocephalus,Black-headed Ibis,0.2970,C:\Users\User\Downloads\Telegram Desktop\15 Aug 2026.wav
1719.0,1722.0,Threskiornis melanocephalus,Black-headed Ibis,0.2996,C:\Users\User\Downloads\Telegram Desktop\15 Aug 2026.wav
1722.0,1725.0,Bubulcus ibis,Cattle Egret,0.4925,C:\Users\User\Downloads\Telegram Desktop\15 Aug 2026.wav
1725.0,1728.0,Threskiornis melanocephalus,Black-headed Ibis,0.4651,C:\Users\User\Downloads\Telegram Desktop\15 Aug 2026.wav
1725.0,1728.0,Bubulcus ibis,Cattle Egret,0.3832,C:\Users\User\Downloads\Telegram Desktop\15 Aug 2026.wav
1731.0,1734.0,Bubulcus ibis,Cattle Egret,0.4409,C:\Users\User\Downloads\Telegram Desktop\15 Aug 2026.wav
1734.0,1737.0,Threskiornis melanocephalus,Black-headed Ibis,0.8892,C:\Users\User\Downloads\Telegram Desktop\15 Aug 2026.wav
1740.0,1743.0,Threskiornis melanocephalus,Black-headed Ibis,0.2669,C:\Users\User\Downloads\Telegram Desktop\15 Aug 2026.wav
1743.0,1746.0,Bubulcus ibis,Cattle Egret,0.6324,C:\Users\User\Downloads\Telegram Desktop\15 Aug 2026.wav
1743.0,1746.0,Anastomus oscitans,Asian Openbill,0.2809,C:\Users\User\Downloads\Telegram Desktop\15 Aug 2026.wav
1758.0,1761.0,Bubulcus ibis,Cattle Egret,0.3567,C:\Users\User\Downloads\Telegram Desktop\15 Aug 2026.wav
1758.0,1761.0,Threskiornis melanocephalus,Black-headed Ibis,0.2700,C:\Users\User\Downloads\Telegram Desktop\15 Aug 2026.wav
1761.0,1764.0,Ardea purpurea,Purple Heron,0.2797,C:\Users\User\Downloads\Telegram Desktop\15 Aug 2026.wav
1767.0,1770.0,Threskiornis melanocephalus,Black-headed Ibis,0.4035,C:\Users\User\Downloads\Telegram Desktop\15 Aug 2026.wav
1770.0,1773.0,Threskiornis melanocephalus,Black-headed Ibis,0.4699,C:\Users\User\Downloads\Telegram Desktop\15 Aug 2026.wav
1773.0,1776.0,Ardea purpurea,Purple Heron,0.3459,C:\Users\User\Downloads\Telegram Desktop\15 Aug 2026.wav
1776.0,1779.0,Threskiornis melanocephalus,Black-headed Ibis,0.5053,C:\Users\User\Downloads\Telegram Desktop\15 Aug 2026.wav
1779.0,1782.0,Threskiornis melanocephalus,Black-headed Ibis,0.4311,C:\Users\User\Downloads\Telegram Desktop\15 Aug 2026.wav
1782.0,1785.0,Threskiornis melanocephalus,Black-headed Ibis,0.8532,C:\Users\User\Downloads\Telegram Desktop\15 Aug 2026.wav
1782.0,1785.0,Bubulcus ibis,Cattle Egret,0.4216,C:\Users\User\Downloads\Telegram Desktop\15 Aug 2026.wav
1788.0,1791.0,Acrocephalus stentoreus,Clamorous Reed Warbler,0.3260,C:\Users\User\Downloads\Telegram Desktop\15 Aug 2026.wav
1803.0,1806.0,Nycticorax nycticorax,Black-crowned Night-Heron,0.3415,C:\Users\User\Downloads\Telegram Desktop\15 Aug 2026.wav
1803.0,1806.0,Threskiornis melanocephalus,Black-headed Ibis,0.3034,C:\Users\User\Downloads\Telegram Desktop\15 Aug 2026.wav
1821.0,1824.0,Threskiornis melanocephalus,Black-headed Ibis,0.4376,C:\Users\User\Downloads\Telegram Desktop\15 Aug 2026.wav
1839.0,1842.0,Artamus fuscus,Ashy Woodswallow,0.3302,C:\Users\User\Downloads\Telegram Desktop\15 Aug 2026.wav
1854.0,1857.0,Bubulcus ibis,Cattle Egret,0.4728,C:\Users\User\Downloads\Telegram Desktop\15 Aug 2026.wav
1872.0,1875.0,Bubulcus ibis,Cattle Egret,0.2976,C:\Users\User\Downloads\Telegram Desktop\15 Aug 2026.wav
1872.0,1875.0,Threskiornis melanocephalus,Black-headed Ibis,0.2671,C:\Users\User\Downloads\Telegram Desktop\15 Aug 2026.wav
1884.0,1887.0,Bubulcus ibis,Cattle Egret,0.6774,C:\Users\User\Downloads\Telegram Desktop\15 Aug 2026.wav
1887.0,1890.0,Ardea purpurea,Purple Heron,0.3691,C:\Users\User\Downloads\Telegram Desktop\15 Aug 2026.wav
1887.0,1890.0,Nycticorax nycticorax,Black-crowned Night-Heron,0.2896,C:\Users\User\Downloads\Telegram Desktop\15 Aug 2026.wav
1899.0,1902.0,Pelargopsis capensis,Stork-billed Kingfisher,0.3048,C:\Users\User\Downloads\Telegram Desktop\15 Aug 2026.wav
1917.0,1920.0,Pernis ptilorhynchus,Oriental Honey-buzzard,0.3220,C:\Users\User\Downloads\Telegram Desktop\15 Aug 2026.wav
1923.0,1926.0,Bubulcus ibis,Cattle Egret,0.3418,C:\Users\User\Downloads\Telegram Desktop\15 Aug 2026.wav
1929.0,1932.0,Bubulcus ibis,Cattle Egret,0.2536,C:\Users\User\Downloads\Telegram Desktop\15 Aug 2026.wav
1965.0,1968.0,Threskiornis melanocephalus,Black-headed Ibis,0.5923,C:\Users\User\Downloads\Telegram Desktop\15 Aug 2026.wav
1971.0,1974.0,Ardea purpurea,Purple Heron,0.2742,C:\Users\User\Downloads\Telegram Desktop\15 Aug 2026.wav
2052.0,2055.0,Threskiornis melanocephalus,Black-headed Ibis,0.3219,C:\Users\User\Downloads\Telegram Desktop\15 Aug 2026.wav
2109.0,2112.0,Bubulcus ibis,Cattle Egret,0.2767,C:\Users\User\Downloads\Telegram Desktop\15 Aug 2026.wav
2112.0,2115.0,Pelargopsis capensis,Stork-billed Kingfisher,0.2651,C:\Users\User\Downloads\Telegram Desktop\15 Aug 2026.wav
2154.0,2157.0,Bubulcus ibis,Cattle Egret,0.4101,C:\Users\User\Downloads\Telegram Desktop\15 Aug 2026.wav
2160.0,2163.0,Bubulcus ibis,Cattle Egret,0.6097,C:\Users\User\Downloads\Telegram Desktop\15 Aug 2026.wav
2160.0,2163.0,Anastomus oscitans,Asian Openbill,0.3064,C:\Users\User\Downloads\Telegram Desktop\15 Aug 2026.wav
2160.0,2163.0,Ardea purpurea,Purple Heron,0.2632,C:\Users\User\Downloads\Telegram Desktop\15 Aug 2026.wav
2163.0,2166.0,Bubulcus ibis,Cattle Egret,0.4364,C:\Users\User\Downloads\Telegram Desktop\15 Aug 2026.wav
2163.0,2166.0,Ardea purpurea,Purple Heron,0.2778,C:\Users\User\Downloads\Telegram Desktop\15 Aug 2026.wav
2166.0,2169.0,Ardea purpurea,Purple Heron,0.5945,C:\Users\User\Downloads\Telegram Desktop\15 Aug 2026.wav
2175.0,2178.0,Ardea purpurea,Purple Heron,0.6909,C:\Users\User\Downloads\Telegram Desktop\15 Aug 2026.wav
2175.0,2178.0,Bubulcus ibis,Cattle Egret,0.3147,C:\Users\User\Downloads\Telegram Desktop\15 Aug 2026.wav
2178.0,2181.0,Ardea purpurea,Purple Heron,0.9233,C:\Users\User\Downloads\Telegram Desktop\15 Aug 2026.wav
2181.0,2184.0,Bubulcus ibis,Cattle Egret,0.2545,C:\Users\User\Downloads\Telegram Desktop\15 Aug 2026.wav
2196.0,2199.0,Pernis ptilorhynchus,Oriental Honey-buzzard,0.8677,C:\Users\User\Downloads\Telegram Desktop\15 Aug 2026.wav
2196.0,2199.0,Pelargopsis capensis,Stork-billed Kingfisher,0.3027,C:\Users\User\Downloads\Telegram Desktop\15 Aug 2026.wav
2244.0,2247.0,Bubulcus ibis,Cattle Egret,0.3442,C:\Users\User\Downloads\Telegram Desktop\15 Aug 2026.wav
2247.0,2250.0,Ardea purpurea,Purple Heron,0.6277,C:\Users\User\Downloads\Telegram Desktop\15 Aug 2026.wav
2250.0,2253.0,Threskiornis melanocephalus,Black-headed Ibis,0.3059,C:\Users\User\Downloads\Telegram Desktop\15 Aug 2026.wav
2259.0,2262.0,Artamus fuscus,Ashy Woodswallow,0.7383,C:\Users\User\Downloads\Telegram Desktop\15 Aug 2026.wav
2265.0,2268.0,Threskiornis melanocephalus,Black-headed Ibis,0.3460,C:\Users\User\Downloads\Telegram Desktop\15 Aug 2026.wav
2328.0,2331.0,Bubulcus ibis,Cattle Egret,0.4229,C:\Users\User\Downloads\Telegram Desktop\15 Aug 2026.wav
2331.0,2334.0,Bubulcus ibis,Cattle Egret,0.6617,C:\Users\User\Downloads\Telegram Desktop\15 Aug 2026.wav
2331.0,2334.0,Nycticorax nycticorax,Black-crowned Night-Heron,0.3348,C:\Users\User\Downloads\Telegram Desktop\15 Aug 2026.wav
2331.0,2334.0,Ardea purpurea,Purple Heron,0.2805,C:\Users\User\Downloads\Telegram Desktop\15 Aug 2026.wav
2334.0,2337.0,Ardea purpurea,Purple Heron,0.3933,C:\Users\User\Downloads\Telegram Desktop\15 Aug 2026.wav
2334.0,2337.0,Threskiornis melanocephalus,Black-headed Ibis,0.3263,C:\Users\User\Downloads\Telegram Desktop\15 Aug 2026.wav
2349.0,2352.0,Bubulcus ibis,Cattle Egret,0.4175,C:\Users\User\Downloads\Telegram Desktop\15 Aug 2026.wav
2355.0,2358.0,Ardea purpurea,Purple Heron,0.6780,C:\Users\User\Downloads\Telegram Desktop\15 Aug 2026.wav
2358.0,2361.0,Ardea purpurea,Purple Heron,0.3701,C:\Users\User\Downloads\Telegram Desktop\15 Aug 2026.wav
2358.0,2361.0,Bubulcus ibis,Cattle Egret,0.3458,C:\Users\User\Downloads\Telegram Desktop\15 Aug 2026.wav
2379.0,2382.0,Bubulcus ibis,Cattle Egret,0.2548,C:\Users\User\Downloads\Telegram Desktop\15 Aug 2026.wav
2382.0,2385.0,Bubulcus ibis,Cattle Egret,0.3280,C:\Users\User\Downloads\Telegram Desktop\15 Aug 2026.wav
2385.0,2388.0,Bubulcus ibis,Cattle Egret,0.3417,C:\Users\User\Downloads\Telegram Desktop\15 Aug 2026.wav
2397.0,2400.0,Bubulcus ibis,Cattle Egret,0.3633,C:\Users\User\Downloads\Telegram Desktop\15 Aug 2026.wav
2406.0,2409.0,Bubulcus ibis,Cattle Egret,0.6539,C:\Users\User\Downloads\Telegram Desktop\15 Aug 2026.wav
2415.0,2418.0,Bubulcus ibis,Cattle Egret,0.4653,C:\Users\User\Downloads\Telegram Desktop\15 Aug 2026.wav
2460.0,2463.0,Bubulcus ibis,Cattle Egret,0.6340,C:\Users\User\Downloads\Telegram Desktop\15 Aug 2026.wav
2469.0,2472.0,Pelargopsis capensis,Stork-billed Kingfisher,0.3138,C:\Users\User\Downloads\Telegram Desktop\15 Aug 2026.wav
2478.0,2481.0,Nycticorax nycticorax,Black-crowned Night-Heron,0.6819,C:\Users\User\Downloads\Telegram Desktop\15 Aug 2026.wav
2478.0,2481.0,Bubulcus ibis,Cattle Egret,0.5432,C:\Users\User\Downloads\Telegram Desktop\15 Aug 2026.wav
2478.0,2481.0,Ardea purpurea,Purple Heron,0.3368,C:\Users\User\Downloads\Telegram Desktop\15 Aug 2026.wav
2502.0,2505.0,Bubulcus ibis,Cattle Egret,0.4824,C:\Users\User\Downloads\Telegram Desktop\15 Aug 2026.wav
2511.0,2514.0,Bubulcus ibis,Cattle Egret,0.3133,C:\Users\User\Downloads\Telegram Desktop\15 Aug 2026.wav
2529.0,2532.0,Bubulcus ibis,Cattle Egret,0.3846,C:\Users\User\Downloads\Telegram Desktop\15 Aug 2026.wav
2538.0,2541.0,Bubulcus ibis,Cattle Egret,0.4858,C:\Users\User\Downloads\Telegram Desktop\15 Aug 2026.wav
2601.0,2604.0,Nycticorax nycticorax,Black-crowned Night-Heron,0.6524,C:\Users\User\Downloads\Telegram Desktop\15 Aug 2026.wav
2604.0,2607.0,Bubulcus ibis,Cattle Egret,0.5028,C:\Users\User\Downloads\Telegram Desktop\15 Aug 2026.wav
2604.0,2607.0,Nycticorax nycticorax,Black-crowned Night-Heron,0.4273,C:\Users\User\Downloads\Telegram Desktop\15 Aug 2026.wav
2637.0,2640.0,Bubulcus ibis,Cattle Egret,0.4679,C:\Users\User\Downloads\Telegram Desktop\15 Aug 2026.wav
2637.0,2640.0,Threskiornis melanocephalus,Black-headed Ibis,0.3699,C:\Users\User\Downloads\Telegram Desktop\15 Aug 2026.wav
2670.0,2673.0,Bubulcus ibis,Cattle Egret,0.5756,C:\Users\User\Downloads\Telegram Desktop\15 Aug 2026.wav
2676.0,2679.0,Cacomantis merulinus,Plaintive Cuckoo,0.4136,C:\Users\User\Downloads\Telegram Desktop\15 Aug 2026.wav
2688.0,2691.0,Threskiornis melanocephalus,Black-headed Ibis,0.4418,C:\Users\User\Downloads\Telegram Desktop\15 Aug 2026.wav
2703.0,2706.0,Bubulcus ibis,Cattle Egret,0.3781,C:\Users\User\Downloads\Telegram Desktop\15 Aug 2026.wav
2706.0,2709.0,Bubulcus ibis,Cattle Egret,0.8239,C:\Users\User\Downloads\Telegram Desktop\15 Aug 2026.wav
2712.0,2715.0,Bubulcus ibis,Cattle Egret,0.7498,C:\Users\User\Downloads\Telegram Desktop\15 Aug 2026.wav
2715.0,2718.0,Pelargopsis capensis,Stork-billed Kingfisher,0.2908,C:\Users\User\Downloads\Telegram Desktop\15 Aug 2026.wav
2736.0,2739.0,Threskiornis melanocephalus,Black-headed Ibis,0.2990,C:\Users\User\Downloads\Telegram Desktop\15 Aug 2026.wav
2742.0,2745.0,Bubulcus ibis,Cattle Egret,0.7425,C:\Users\User\Downloads\Telegram Desktop\15 Aug 2026.wav
2742.0,2745.0,Threskiornis melanocephalus,Black-headed Ibis,0.3528,C:\Users\User\Downloads\Telegram Desktop\15 Aug 2026.wav
2745.0,2748.0,Bubulcus ibis,Cattle Egret,0.4670,C:\Users\User\Downloads\Telegram Desktop\15 Aug 2026.wav
2751.0,2754.0,Anastomus oscitans,Asian Openbill,0.5847,C:\Users\User\Downloads\Telegram Desktop\15 Aug 2026.wav
2754.0,2757.0,Anastomus oscitans,Asian Openbill,0.4033,C:\Users\User\Downloads\Telegram Desktop\15 Aug 2026.wav
2754.0,2757.0,Threskiornis melanocephalus,Black-headed Ibis,0.2946,C:\Users\User\Downloads\Telegram Desktop\15 Aug 2026.wav
2757.0,2760.0,Bubulcus ibis,Cattle Egret,0.2864,C:\Users\User\Downloads\Telegram Desktop\15 Aug 2026.wav
2757.0,2760.0,Anastomus oscitans,Asian Openbill,0.2801,C:\Users\User\Downloads\Telegram Desktop\15 Aug 2026.wav
2757.0,2760.0,Ardea alba,Great Egret,0.2566,C:\Users\User\Downloads\Telegram Desktop\15 Aug 2026.wav
2766.0,2769.0,Threskiornis melanocephalus,Black-headed Ibis,0.4484,C:\Users\User\Downloads\Telegram Desktop\15 Aug 2026.wav
2781.0,2784.0,Threskiornis melanocephalus,Black-headed Ibis,0.6875,C:\Users\User\Downloads\Telegram Desktop\15 Aug 2026.wav
2781.0,2784.0,Bubulcus ibis,Cattle Egret,0.5421,C:\Users\User\Downloads\Telegram Desktop\15 Aug 2026.wav
2790.0,2793.0,Threskiornis melanocephalus,Black-headed Ibis,0.3211,C:\Users\User\Downloads\Telegram Desktop\15 Aug 2026.wav
2793.0,2796.0,Threskiornis melanocephalus,Black-headed Ibis,0.5119,C:\Users\User\Downloads\Telegram Desktop\15 Aug 2026.wav
2808.0,2811.0,Threskiornis melanocephalus,Black-headed Ibis,0.5006,C:\Users\User\Downloads\Telegram Desktop\15 Aug 2026.wav
2823.0,2826.0,Pelargopsis capensis,Stork-billed Kingfisher,0.3180,C:\Users\User\Downloads\Telegram Desktop\15 Aug 2026.wav
2826.0,2829.0,Threskiornis melanocephalus,Black-headed Ibis,0.2530,C:\Users\User\Downloads\Telegram Desktop\15 Aug 2026.wav
2850.0,2853.0,Ardea purpurea,Purple Heron,0.5117,C:\Users\User\Downloads\Telegram Desktop\15 Aug 2026.wav
2850.0,2853.0,Ardea cinerea,Gray Heron,0.4486,C:\Users\User\Downloads\Telegram Desktop\15 Aug 2026.wav
2859.0,2862.0,Threskiornis melanocephalus,Black-headed Ibis,0.2984,C:\Users\User\Downloads\Telegram Desktop\15 Aug 2026.wav
2859.0,2862.0,Bubulcus ibis,Cattle Egret,0.2709,C:\Users\User\Downloads\Telegram Desktop\15 Aug 2026.wav
2859.0,2862.0,Nycticorax nycticorax,Black-crowned Night-Heron,0.2653,C:\Users\User\Downloads\Telegram Desktop\15 Aug 2026.wav
2868.0,2871.0,Ardea purpurea,Purple Heron,0.2722,C:\Users\User\Downloads\Telegram Desktop\15 Aug 2026.wav
2889.0,2892.0,Bubulcus ibis,Cattle Egret,0.3620,C:\Users\User\Downloads\Telegram Desktop\15 Aug 2026.wav
2889.0,2892.0,Threskiornis melanocephalus,Black-headed Ibis,0.3607,C:\Users\User\Downloads\Telegram Desktop\15 Aug 2026.wav
2925.0,2928.0,Threskiornis melanocephalus,Black-headed Ibis,0.4357,C:\Users\User\Downloads\Telegram Desktop\15 Aug 2026.wav
2961.0,2964.0,Threskiornis melanocephalus,Black-headed Ibis,0.3055,C:\Users\User\Downloads\Telegram Desktop\15 Aug 2026.wav
2964.0,2967.0,Threskiornis melanocephalus,Black-headed Ibis,0.2740,C:\Users\User\Downloads\Telegram Desktop\15 Aug 2026.wav
3006.0,3009.0,Bubulcus ibis,Cattle Egret,0.4020,C:\Users\User\Downloads\Telegram Desktop\15 Aug 2026.wav
3009.0,3012.0,Copsychus saularis,Oriental Magpie-Robin,0.4331,C:\Users\User\Downloads\Telegram Desktop\15 Aug 2026.wav
3018.0,3021.0,Threskiornis melanocephalus,Black-headed Ibis,0.6321,C:\Users\User\Downloads\Telegram Desktop\15 Aug 2026.wav
3030.0,3033.0,Threskiornis melanocephalus,Black-headed Ibis,0.6764,C:\Users\User\Downloads\Telegram Desktop\15 Aug 2026.wav
3033.0,3036.0,Bubulcus ibis,Cattle Egret,0.2830,C:\Users\User\Downloads\Telegram Desktop\15 Aug 2026.wav
3042.0,3045.0,Pelargopsis capensis,Stork-billed Kingfisher,0.4243,C:\Users\User\Downloads\Telegram Desktop\15 Aug 2026.wav
3048.0,3051.0,Threskiornis melanocephalus,Black-headed Ibis,0.6031,C:\Users\User\Downloads\Telegram Desktop\15 Aug 2026.wav
3048.0,3051.0,Bubulcus ibis,Cattle Egret,0.2948,C:\Users\User\Downloads\Telegram Desktop\15 Aug 2026.wav
3051.0,3054.0,Ardea purpurea,Purple Heron,0.5332,C:\Users\User\Downloads\Telegram Desktop\15 Aug 2026.wav
3051.0,3054.0,Bubulcus ibis,Cattle Egret,0.2880,C:\Users\User\Downloads\Telegram Desktop\15 Aug 2026.wav
3057.0,3060.0,Threskiornis melanocephalus,Black-headed Ibis,0.2660,C:\Users\User\Downloads\Telegram Desktop\15 Aug 2026.wav
3060.0,3063.0,Threskiornis melanocephalus,Black-headed Ibis,0.5400,C:\Users\User\Downloads\Telegram Desktop\15 Aug 2026.wav
3063.0,3066.0,Threskiornis melanocephalus,Black-headed Ibis,0.3905,C:\Users\User\Downloads\Telegram Desktop\15 Aug 2026.wav
3072.0,3075.0,Threskiornis melanocephalus,Black-headed Ibis,0.5012,C:\Users\User\Downloads\Telegram Desktop\15 Aug 2026.wav
3078.0,3081.0,Bubulcus ibis,Cattle Egret,0.3002,C:\Users\User\Downloads\Telegram Desktop\15 Aug 2026.wav
3084.0,3087.0,Threskiornis melanocephalus,Black-headed Ibis,0.5411,C:\Users\User\Downloads\Telegram Desktop\15 Aug 2026.wav
3084.0,3087.0,Bubulcus ibis,Cattle Egret,0.3062,C:\Users\User\Downloads\Telegram Desktop\15 Aug 2026.wav
3084.0,3087.0,Anastomus oscitans,Asian Openbill,0.2642,C:\Users\User\Downloads\Telegram Desktop\15 Aug 2026.wav
3090.0,3093.0,Bubulcus ibis,Cattle Egret,0.4113,C:\Users\User\Downloads\Telegram Desktop\15 Aug 2026.wav
3096.0,3099.0,Threskiornis melanocephalus,Black-headed Ibis,0.2599,C:\Users\User\Downloads\Telegram Desktop\15 Aug 2026.wav
3108.0,3111.0,Bubulcus ibis,Cattle Egret,0.3255,C:\Users\User\Downloads\Telegram Desktop\15 Aug 2026.wav
3114.0,3117.0,Threskiornis melanocephalus,Black-headed Ibis,0.3260,C:\Users\User\Downloads\Telegram Desktop\15 Aug 2026.wav
3117.0,3120.0,Threskiornis melanocephalus,Black-headed Ibis,0.5670,C:\Users\User\Downloads\Telegram Desktop\15 Aug 2026.wav
3132.0,3135.0,Threskiornis melanocephalus,Black-headed Ibis,0.2517,C:\Users\User\Downloads\Telegram Desktop\15 Aug 2026.wav
3162.0,3165.0,Ardea purpurea,Purple Heron,0.4500,C:\Users\User\Downloads\Telegram Desktop\15 Aug 2026.wav
3171.0,3174.0,Nettapus coromandelianus,Cotton Pygmy-Goose,0.4416,C:\Users\User\Downloads\Telegram Desktop\15 Aug 2026.wav
3174.0,3177.0,Nettapus coromandelianus,Cotton Pygmy-Goose,0.2886,C:\Users\User\Downloads\Telegram Desktop\15 Aug 2026.wav
3177.0,3180.0,Nettapus coromandelianus,Cotton Pygmy-Goose,0.3031,C:\Users\User\Downloads\Telegram Desktop\15 Aug 2026.wav
3180.0,3183.0,Anastomus oscitans,Asian Openbill,0.3232,C:\Users\User\Downloads\Telegram Desktop\15 Aug 2026.wav
3183.0,3186.0,Threskiornis melanocephalus,Black-headed Ibis,0.3802,C:\Users\User\Downloads\Telegram Desktop\15 Aug 2026.wav
3228.0,3231.0,Anastomus oscitans,Asian Openbill,0.3072,C:\Users\User\Downloads\Telegram Desktop\15 Aug 2026.wav
3231.0,3234.0,Anastomus oscitans,Asian Openbill,0.2656,C:\Users\User\Downloads\Telegram Desktop\15 Aug 2026.wav
3237.0,3240.0,Ardea purpurea,Purple Heron,0.6441,C:\Users\User\Downloads\Telegram Desktop\15 Aug 2026.wav
3237.0,3240.0,Bubulcus ibis,Cattle Egret,0.2770,C:\Users\User\Downloads\Telegram Desktop\15 Aug 2026.wav
3237.0,3240.0,Threskiornis melanocephalus,Black-headed Ibis,0.2509,C:\Users\User\Downloads\Telegram Desktop\15 Aug 2026.wav
3252.0,3255.0,Bubulcus ibis,Cattle Egret,0.3267,C:\Users\User\Downloads\Telegram Desktop\15 Aug 2026.wav
3258.0,3261.0,Pelargopsis capensis,Stork-billed Kingfisher,0.2751,C:\Users\User\Downloads\Telegram Desktop\15 Aug 2026.wav
3270.0,3273.0,Threskiornis melanocephalus,Black-headed Ibis,0.4344,C:\Users\User\Downloads\Telegram Desktop\15 Aug 2026.wav
3363.0,3366.0,Threskiornis melanocephalus,Black-headed Ibis,0.3369,C:\Users\User\Downloads\Telegram Desktop\15 Aug 2026.wav
3417.0,3420.0,Threskiornis melanocephalus,Black-headed Ibis,0.2807,C:\Users\User\Downloads\Telegram Desktop\15 Aug 2026.wav
3423.0,3426.0,Acrocephalus stentoreus,Clamorous Reed Warbler,0.3009,C:\Users\User\Downloads\Telegram Desktop\15 Aug 2026.wav
3423.0,3426.0,Threskiornis melanocephalus,Black-headed Ibis,0.2846,C:\Users\User\Downloads\Telegram Desktop\15 Aug 2026.wav
3438.0,3441.0,Pelargopsis capensis,Stork-billed Kingfisher,0.2701,C:\Users\User\Downloads\Telegram Desktop\15 Aug 2026.wav
3447.0,3450.0,Threskiornis melanocephalus,Black-headed Ibis,0.5755,C:\Users\User\Downloads\Telegram Desktop\15 Aug 2026.wav
3447.0,3450.0,Bubulcus ibis,Cattle Egret,0.4633,C:\Users\User\Downloads\Telegram Desktop\15 Aug 2026.wav
3465.0,3468.0,Threskiornis melanocephalus,Black-headed Ibis,0.7456,C:\Users\User\Downloads\Telegram Desktop\15 Aug 2026.wav
3468.0,3471.0,Chalcophaps indica,Asian Emerald Dove,0.3468,C:\Users\User\Downloads\Telegram Desktop\15 Aug 2026.wav
3483.0,3486.0,Threskiornis melanocephalus,Black-headed Ibis,0.5884,C:\Users\User\Downloads\Telegram Desktop\15 Aug 2026.wav
3501.0,3504.0,Threskiornis melanocephalus,Black-headed Ibis,0.4491,C:\Users\User\Downloads\Telegram Desktop\15 Aug 2026.wav
3516.0,3519.0,Threskiornis melanocephalus,Black-headed Ibis,0.5449,C:\Users\User\Downloads\Telegram Desktop\15 Aug 2026.wav
3516.0,3519.0,Bubulcus ibis,Cattle Egret,0.3281,C:\Users\User\Downloads\Telegram Desktop\15 Aug 2026.wav
3522.0,3525.0,Threskiornis melanocephalus,Black-headed Ibis,0.5028,C:\Users\User\Downloads\Telegram Desktop\15 Aug 2026.wav
3540.0,3543.0,Threskiornis melanocephalus,Black-headed Ibis,0.3706,C:\Users\User\Downloads\Telegram Desktop\15 Aug 2026.wav
3555.0,3558.0,Threskiornis melanocephalus,Black-headed Ibis,0.3127,C:\Users\User\Downloads\Telegram Desktop\15 Aug 2026.wav
3573.0,3576.0,Threskiornis melanocephalus,Black-headed Ibis,0.4336,C:\Users\User\Downloads\Telegram Desktop\15 Aug 2026.wav
3600.0,3603.0,Threskiornis melanocephalus,Black-headed Ibis,0.6840,C:\Users\User\Downloads\Telegram Desktop\15 Aug 2026.wav
3603.0,3606.0,Threskiornis melanocephalus,Black-headed Ibis,0.6093,C:\Users\User\Downloads\Telegram Desktop\15 Aug 2026.wav
3612.0,3615.0,Threskiornis melanocephalus,Black-headed Ibis,0.4701,C:\Users\User\Downloads\Telegram Desktop\15 Aug 2026.wav
3612.0,3615.0,Pelargopsis capensis,Stork-billed Kingfisher,0.3195,C:\Users\User\Downloads\Telegram Desktop\15 Aug 2026.wav
3615.0,3618.0,Threskiornis melanocephalus,Black-headed Ibis,0.4719,C:\Users\User\Downloads\Telegram Desktop\15 Aug 2026.wav
3618.0,3621.0,Bubulcus ibis,Cattle Egret,0.3568,C:\Users\User\Downloads\Telegram Desktop\15 Aug 2026.wav
3642.0,3645.0,Threskiornis melanocephalus,Black-headed Ibis,0.3184,C:\Users\User\Downloads\Telegram Desktop\15 Aug 2026.wav
3672.0,3675.0,Threskiornis melanocephalus,Black-headed Ibis,0.4407,C:\Users\User\Downloads\Telegram Desktop\15 Aug 2026.wav
3696.0,3699.0,Anastomus oscitans,Asian Openbill,0.3917,C:\Users\User\Downloads\Telegram Desktop\15 Aug 2026.wav
3732.0,3735.0,Bubulcus ibis,Cattle Egret,0.5087,C:\Users\User\Downloads\Telegram Desktop\15 Aug 2026.wav
3795.0,3798.0,Bubulcus ibis,Cattle Egret,0.2701,C:\Users\User\Downloads\Telegram Desktop\15 Aug 2026.wav
3831.0,3834.0,Bubulcus ibis,Cattle Egret,0.5502,C:\Users\User\Downloads\Telegram Desktop\15 Aug 2026.wav
3843.0,3846.0,Bubulcus ibis,Cattle Egret,0.5841,C:\Users\User\Downloads\Telegram Desktop\15 Aug 2026.wav
3843.0,3846.0,Threskiornis melanocephalus,Black-headed Ibis,0.2735,C:\Users\User\Downloads\Telegram Desktop\15 Aug 2026.wav
3852.0,3855.0,Threskiornis melanocephalus,Black-headed Ibis,0.2731,C:\Users\User\Downloads\Telegram Desktop\15 Aug 2026.wav
3873.0,3876.0,Bubulcus ibis,Cattle Egret,0.5689,C:\Users\User\Downloads\Telegram Desktop\15 Aug 2026.wav
3873.0,3876.0,Threskiornis melanocephalus,Black-headed Ibis,0.2693,C:\Users\User\Downloads\Telegram Desktop\15 Aug 2026.wav
3891.0,3894.0,Ardea purpurea,Purple Heron,0.3291,C:\Users\User\Downloads\Telegram Desktop\15 Aug 2026.wav
3921.0,3924.0,Threskiornis melanocephalus,Black-headed Ibis,0.2574,C:\Users\User\Downloads\Telegram Desktop\15 Aug 2026.wav
3933.0,3936.0,Threskiornis melanocephalus,Black-headed Ibis,0.4061,C:\Users\User\Downloads\Telegram Desktop\15 Aug 2026.wav
3978.0,3981.0,Acrocephalus stentoreus,Clamorous Reed Warbler,0.5004,C:\Users\User\Downloads\Telegram Desktop\15 Aug 2026.wav
4035.0,4038.0,Threskiornis melanocephalus,Black-headed Ibis,0.3882,C:\Users\User\Downloads\Telegram Desktop\15 Aug 2026.wav
4041.0,4044.0,Threskiornis melanocephalus,Black-headed Ibis,0.4282,C:\Users\User\Downloads\Telegram Desktop\15 Aug 2026.wav
4095.0,4098.0,Threskiornis melanocephalus,Black-headed Ibis,0.5033,C:\Users\User\Downloads\Telegram Desktop\15 Aug 2026.wav
4179.0,4182.0,Threskiornis melanocephalus,Black-headed Ibis,0.4303,C:\Users\User\Downloads\Telegram Desktop\15 Aug 2026.wav
4215.0,4218.0,Artamus fuscus,Ashy Woodswallow,0.2721,C:\Users\User\Downloads\Telegram Desktop\15 Aug 2026.wav
4392.0,4395.0,Streptopelia chinensis,Spotted Dove,0.3630,C:\Users\User\Downloads\Telegram Desktop\15 Aug 2026.wav
4455.0,4458.0,Threskiornis melanocephalus,Black-headed Ibis,0.3148,C:\Users\User\Downloads\Telegram Desktop\15 Aug 2026.wav
4473.0,4476.0,Copsychus saularis,Oriental Magpie-Robin,0.3307,C:\Users\User\Downloads\Telegram Desktop\15 Aug 2026.wav
4494.0,4497.0,Metopidius indicus,Bronze-winged Jacana,0.2864,C:\Users\User\Downloads\Telegram Desktop\15 Aug 2026.wav
4515.0,4518.0,Threskiornis melanocephalus,Black-headed Ibis,0.2773,C:\Users\User\Downloads\Telegram Desktop\15 Aug 2026.wav
4545.0,4548.0,Threskiornis melanocephalus,Black-headed Ibis,0.3225,C:\Users\User\Downloads\Telegram Desktop\15 Aug 2026.wav
4584.0,4587.0,Pernis ptilorhynchus,Oriental Honey-buzzard,0.3857,C:\Users\User\Downloads\Telegram Desktop\15 Aug 2026.wav
4596.0,4599.0,Pelargopsis capensis,Stork-billed Kingfisher,0.3531,C:\Users\User\Downloads\Telegram Desktop\15 Aug 2026.wav
4659.0,4662.0,Threskiornis melanocephalus,Black-headed Ibis,0.2738,C:\Users\User\Downloads\Telegram Desktop\15 Aug 2026.wav
4815.0,4818.0,Pelargopsis capensis,Stork-billed Kingfisher,0.3129,C:\Users\User\Downloads\Telegram Desktop\15 Aug 2026.wav
4830.0,4833.0,Pernis ptilorhynchus,Oriental Honey-buzzard,0.3997,C:\Users\User\Downloads\Telegram Desktop\15 Aug 2026.wav
4905.0,4908.0,Spilornis cheela,Crested Serpent-Eagle,0.3159,C:\Users\User\Downloads\Telegram Desktop\15 Aug 2026.wav
4947.0,4950.0,Pernis ptilorhynchus,Oriental Honey-buzzard,0.2856,C:\Users\User\Downloads\Telegram Desktop\15 Aug 2026.wav
4950.0,4953.0,Pernis ptilorhynchus,Oriental Honey-buzzard,0.8043,C:\Users\User\Downloads\Telegram Desktop\15 Aug 2026.wav
5016.0,5019.0,Bubulcus ibis,Cattle Egret,0.3269,C:\Users\User\Downloads\Telegram Desktop\15 Aug 2026.wav
5025.0,5028.0,Pernis ptilorhynchus,Oriental Honey-buzzard,0.2634,C:\Users\User\Downloads\Telegram Desktop\15 Aug 2026.wav
5040.0,5043.0,Threskiornis melanocephalus,Black-headed Ibis,0.2560,C:\Users\User\Downloads\Telegram Desktop\15 Aug 2026.wav
5043.0,5046.0,Bubulcus ibis,Cattle Egret,0.5913,C:\Users\User\Downloads\Telegram Desktop\15 Aug 2026.wav
5073.0,5076.0,Threskiornis melanocephalus,Black-headed Ibis,0.8349,C:\Users\User\Downloads\Telegram Desktop\15 Aug 2026.wav
5088.0,5091.0,Pelargopsis capensis,Stork-billed Kingfisher,0.2741,C:\Users\User\Downloads\Telegram Desktop\15 Aug 2026.wav
5097.0,5100.0,Pernis ptilorhynchus,Oriental Honey-buzzard,0.2940,C:\Users\User\Downloads\Telegram Desktop\15 Aug 2026.wav
5103.0,5106.0,Threskiornis melanocephalus,Black-headed Ibis,0.3136,C:\Users\User\Downloads\Telegram Desktop\15 Aug 2026.wav
5136.0,5139.0,Threskiornis melanocephalus,Black-headed Ibis,0.5011,C:\Users\User\Downloads\Telegram Desktop\15 Aug 2026.wav
5157.0,5160.0,Pernis ptilorhynchus,Oriental Honey-buzzard,0.6469,C:\Users\User\Downloads\Telegram Desktop\15 Aug 2026.wav
5178.0,5181.0,Threskiornis melanocephalus,Black-headed Ibis,0.3950,C:\Users\User\Downloads\Telegram Desktop\15 Aug 2026.wav
5217.0,5220.0,Threskiornis melanocephalus,Black-headed Ibis,0.5484,C:\Users\User\Downloads\Telegram Desktop\15 Aug 2026.wav
5229.0,5232.0,Bubulcus ibis,Cattle Egret,0.2943,C:\Users\User\Downloads\Telegram Desktop\15 Aug 2026.wav
5232.0,5235.0,Threskiornis melanocephalus,Black-headed Ibis,0.2860,C:\Users\User\Downloads\Telegram Desktop\15 Aug 2026.wav
5235.0,5238.0,Ardea purpurea,Purple Heron,0.6579,C:\Users\User\Downloads\Telegram Desktop\15 Aug 2026.wav
5247.0,5250.0,Threskiornis melanocephalus,Black-headed Ibis,0.3802,C:\Users\User\Downloads\Telegram Desktop\15 Aug 2026.wav
5268.0,5271.0,Pelargopsis capensis,Stork-billed Kingfisher,0.6899,C:\Users\User\Downloads\Telegram Desktop\15 Aug 2026.wav
5304.0,5307.0,Threskiornis melanocephalus,Black-headed Ibis,0.3350,C:\Users\User\Downloads\Telegram Desktop\15 Aug 2026.wav
5343.0,5346.0,Threskiornis melanocephalus,Black-headed Ibis,0.5642,C:\Users\User\Downloads\Telegram Desktop\15 Aug 2026.wav
5346.0,5349.0,Threskiornis melanocephalus,Black-headed Ibis,0.7839,C:\Users\User\Downloads\Telegram Desktop\15 Aug 2026.wav
5349.0,5352.0,Threskiornis melanocephalus,Black-headed Ibis,0.4896,C:\Users\User\Downloads\Telegram Desktop\15 Aug 2026.wav
5361.0,5364.0,Threskiornis melanocephalus,Black-headed Ibis,0.2581,C:\Users\User\Downloads\Telegram Desktop\15 Aug 2026.wav
5367.0,5370.0,Threskiornis melanocephalus,Black-headed Ibis,0.4194,C:\Users\User\Downloads\Telegram Desktop\15 Aug 2026.wav
5370.0,5373.0,Threskiornis melanocephalus,Black-headed Ibis,0.7961,C:\Users\User\Downloads\Telegram Desktop\15 Aug 2026.wav
5373.0,5376.0,Threskiornis melanocephalus,Black-headed Ibis,0.2510,C:\Users\User\Downloads\Telegram Desktop\15 Aug 2026.wav
5382.0,5385.0,Threskiornis melanocephalus,Black-headed Ibis,0.2841,C:\Users\User\Downloads\Telegram Desktop\15 Aug 2026.wav
5403.0,5406.0,Threskiornis melanocephalus,Black-headed Ibis,0.2638,C:\Users\User\Downloads\Telegram Desktop\15 Aug 2026.wav
5460.0,5463.0,Threskiornis melanocephalus,Black-headed Ibis,0.3154,C:\Users\User\Downloads\Telegram Desktop\15 Aug 2026.wav
5493.0,5496.0,Pernis ptilorhynchus,Oriental Honey-buzzard,0.2971,C:\Users\User\Downloads\Telegram Desktop\15 Aug 2026.wav
5496.0,5499.0,Pelargopsis capensis,Stork-billed Kingfisher,0.4717,C:\Users\User\Downloads\Telegram Desktop\15 Aug 2026.wav
